{
	"name": "EspersFoundry",
	"title": "Espers Foundry",
	"description": ".",
	"version": "0.0.2",
	"author": "Esper",
	"scripts": ["bundle.js"],
	"styles": ["espers-foundry.css"],
	"languages": [],
	"compatibility": {
		"minimum": "10",
		"verified": "10"
	},
	"url": "https://github.com/AliceLeyou/EspersFoundry",
	"manifest": "https://raw.githubusercontent.com/AliceLeyou/EspersFoundry/master/Source/module.json",
	"download": "https://raw.githubusercontent.com/AliceLeyou/EspersFoundry/v0.0.2/dist/EspersFoundry-v0.0.2.zip"
}